PS1 Game Title,PS1 Game Price
007 Racing,7.15
007 Racing [Collector's Edition],2.86
007: The World Is Not Enough,11.09
007: The World Is Not Enough [Greatest Hits],6.68
007: Tomorrow Never Dies,10.29
007: Tomorrow Never Dies [Greatest Hits],7.24
101 Dalmatians II: Patch's London Adventure,13.82
102 Dalmatians: Puppies to the Rescue,6.46
1xtreme,11.15
2Xtreme,9.10
2Xtreme [Greatest Hits],4.51
3D Baseball,14.07
3Xtreme,5.27
40 Winks,21.64
A-Train,39.08
ATV Mania,9.31
ATV Racers,5.01
ATV: Quad Power Racing,1.70
Ace Combat 2,26.96
Ace Combat 3: Electrosphere,24.79
Aces of the Air,8.74
Action Bass,3.67
Action Man: Operation Extreme,8.04
Activision Classics,6.21
Activision Classics [Greatest Hits],3.13
Adidas Power Soccer,11.94
Adidas Power Soccer 98,13.27
Adventures of Lomax,210.00
Agile Warrior F-111X,5.70
Agile Warrior F-111X [Longbox],13.47
Air Combat,32.08
Air Combat [Greatest Hits],8.66
Air Combat [Longbox],34.15
Air Hockey,6.97
Akuji: The Heartless,15.90
Aladdin: Nasiras Revenge,21.18
Alexi Lalas International Soccer,5.23
Alien Resurrection,31.75
Alien Trilogy,55.12
Alien Trilogy [Greatest Hits],20.44
Alien Trilogy [Longbox],37.67
All-Star Baseball 1997,16.91
All-Star Racing,4.08
All-Star Racing 2,6.11
All-Star Slammin D-Ball,5.35
Allied General,16.18
Alone in the Dark: One Eyed Jack's Revenge,25.03
Alone in the Dark: The New Nightmare,18.87
Alundra,108.20
Alundra 2: A New Legend Begins,40.66
Amazing Virtual Sea Monkeys,9.04
American Pool,6.02
Andretti Racing,3.53
Andretti Racing [Greatest Hits],4.71
Animaniacs: Ten Pin Alley,8.15
Animorphs: Shattered Reality,12.36
Ape Escape,21.35
Ape Escape [Greatest Hits],22.67
Apocalypse,15.92
Aquanaut's Holiday,18.40
Arc the Lad Collection,113.16
Arcade Party Pak,4.13
Arcade's Greatest Hits: The Atari Collection 1,6.39
Arcade's Greatest Hits: The Atari Collection 2,10.22
Arcade's Greatest Hits: The Midway Collection 2,10.74
Arcade's Greatest Hits: Williams,10.52
Arcade's Greatest Hits: Williams [Longbox],16.85
Area 51,16.86
Armored Core,31.90
Armored Core: Master of Arena,23.43
Armored Core: Project Phantasma,35.51
Armorines: Project S.W.A.R.M.,7.97
Army Men 3D,7.43
Army Men 3D [Greatest Hits],6.64
Army Men Gold [Collector's Edition],26.50
Army Men: Air Attack,4.06
Army Men: Air Attack 2,3.70
Army Men: Air Attack [Greatest Hits],7.73
Army Men: Green Rogue,8.70
Army Men: Sarge's Heroes,10.09
Army Men: Sarges Heroes 2,8.22
Army Men: World War,7.00
Army Men: World War: Final Front,13.52
"Army Men: World War: Land, Sea & Air",9.68
Army Men: World War: Team Assault,10.19
Arthur! Ready to Race,7.78
Assault Retribution,19.66
Assault Rigs,27.79
Asteroids,3.04
Asteroids [Greatest Hits],5.61
Atari Anniversary Edition Redux,7.10
Atlantis: The Lost Empire,18.31
Austin Powers Pinball,1.33
Auto Destruct,19.53
Azure Dreams,94.68
Backstreet Billiards,7.16
Backyard Soccer,7.67
Baldies,10.72
Ball Breakers,7.23
BallBlazer Champions,6.07
Ballerburg: Castle Chaos,5.43
Ballistic,10.51
Barbie: Explorer,17.28
Barbie: Gotta Have Games,6.68
Barbie: Race and Ride,4.27
Barbie: Super Sports,6.67
Bases Loaded '96: Double Header,13.79
Bass Landing,9.20
Bass Rise,8.73
Batman & Robin,25.31
Batman Beyond: Return of the Joker,22.25
Batman Forever: The Arcade Game,147.20
Batman: Gotham City Racer,19.72
Battle Arena Toshinden,12.44
Battle Arena Toshinden 2,18.99
Battle Arena Toshinden 2 [Longbox],25.14
Battle Arena Toshinden 3,15.52
Battle Arena Toshinden [Greatest Hits],10.08
Battle Arena Toshinden [Longbox],14.99
Battle Hunter,18.77
Battle Stations,4.49
BattleTanx: Global Assault,8.42
Battlesport,17.06
Bear in the Big Blue House,10.34
Beast Wars: Transformers,14.04
Best Buy: Greatest Hits Demo Disc,46.00
Beyblade: Let it Rip!,6.08
Beyond the Beyond,44.49
Big Air,7.72
Big Bass Fishing,6.32
Big Bass World Championship,7.28
Big League Slugger Baseball,4.42
Big Ol' Bass 2,17.62
Big Strike Bowling,2.85
Billiards,4.70
Bio FREAKS,10.67
Black Bass with Blue Marlin,10.51
Black Dawn,5.32
Blade,19.97
Blast Chamber,14.58
Blast Lacrosse,10.15
Blast Radius,10.25
Blaster Master: Blasting Again,11.85
Blasto,26.84
Blazing Dragons,19.57
Blockids,14.83
Blood Omen: Legacy of Kain,31.26
Blood Omen: Legacy of Kain [Collector's Edition],22.00
Bloody Roar,38.67
Bloody Roar 2,36.18
Blue's Clues: Blue's Big Musical,5.95
Bob the Builder: Can We Fix It,9.63
Bogey: Dead 6,8.44
Bomberman Fantasy Race,54.77
Bomberman Party Edition,11.59
Bomberman World,23.59
Bombing Islands,4.87
Boombots,19.23
Bottom of the 9th,7.87
Bottom of the 9th 97,6.27
Bottom of the 9th 99,3.68
Bowling,3.47
Boxing,4.22
Brahma Force,21.40
Brain Dead 13,107.54
Bratz,3.00
Brave Fencer Musashi,74.82
Bravo Air Race,9.89
Breakout,3.45
Breath of Fire III,55.72
Breath of Fire IV,88.15
Brigandine: The Legend of Forsena,170.46
Broken Helix,9.91
Broken Sword II: The Smoking Mirror,10.11
Broken Sword: The Shadow of the Templars,34.87
Brunswick Circuit Pro Bowling,5.92
Brunswick Circuit Pro Bowling 2,10.53
Bubble Bobble: featuring Rainbow Islands,19.07
Bubsy 3D,22.62
A Bug's Life,8.44
A Bug's Life [Greatest Hits],6.87
Bugriders: The Race of Kings,15.81
Bugs Bunny & Taz: Time Busters,52.55
Bugs Bunny: Lost in Time,26.01
Builder's Block,25.76
Burning Road,13.00
Burstrick Wake Boarding!!,3.33
Bushido Blade,25.11
Bushido Blade 2,31.50
Bust A Groove,78.38
Bust A Groove 2,175.15
Bust-A-Move 2: Arcade Edition,13.36
Bust-A-Move 2: Arcade Edition [Longbox],19.81
Bust-A-Move 4,13.78
Bust-A-Move 99,9.69
Buster Bros. Collection,20.33
Buzz Lightyear of Star Command,11.90
C-12: Final Resistance,6.98
C: The Contra Adventure,54.30
Cabela's Big Game Hunter: Ultimate Challenge,5.18
Cabela's Ultimate Deer Hunt,4.67
Caesars Palace,3.73
Caesars Palace 2000,2.87
Caesars Palace II,4.64
Capcom vs SNK Pro,78.25
Card Games,5.55
Cardinal Syn,8.50
Carnage Heart,43.46
Cart World Series,4.80
Casper,8.60
Casper [Greatest Hits],10.28
Casper: Friends Around the World,6.57
Castlevania Chronicles,146.82
Castlevania: Symphony of the Night,122.01
Castlevania: Symphony of the Night [Greatest Hits],66.89
Castrol Honda Superbike Racing,3.20
Cat in the Hat,7.22
Centipede,4.39
Championship Bass,6.73
Championship Motocross 2001: Ricky Carmichael,9.49
Championship Motocross: featuring Ricky Carmichael,5.55
Championship Surfer,3.18
Chess,3.65
Chessmaster 3D,6.59
Chessmaster 3D [Longbox],12.77
Chessmaster II,8.20
Chicken Run,10.71
Chocobo Racing,46.33
Chocobo's Dungeon 2,56.74
Chronicles of the Sword,14.14
Chrono Cross,25.16
Chrono Cross [Greatest Hits],10.12
Circuit Breakers,13.07
City of Lost Children,129.75
Civilization II,20.38
Cleopatra's Fortune,8.11
Clock Tower,161.64
Clock Tower II: The Struggle Within,292.28
Codename: Tenka,18.16
Colin McRae Rally,24.19
Colin McRae Rally 2.0,54.54
College Slam,9.61
Colony Wars,14.38
Colony Wars III: Red Sun,12.34
Colony Wars: Vengeance,9.37
Command & Conquer,16.40
Command & Conquer: Red Alert,21.21
Command & Conquer: Red Alert: Retaliation,15.59
Contender,2.24
Contender 2,5.33
Contra: Legacy of War,17.69
Cool Boarders,11.63
Cool Boarders 2,2.27
Cool Boarders 2 [Greatest Hits],3.53
Cool Boarders 2001,11.40
Cool Boarders 3,3.27
Cool Boarders 3 [Greatest Hits],2.17
Cool Boarders 4,5.30
Cool Boarders 4 [Greatest Hits],4.66
Countdown Vampires,102.43
Courier Crisis,13.22
Covert Ops: Nuclear Dawn,9.80
Crash Bandicoot,52.15
Crash Bandicoot 2: Cortex Strikes Back,14.49
Crash Bandicoot 2: Cortex Strikes Back [Greatest Hits],14.85
Crash Bandicoot 3: Warped,24.44
Crash Bandicoot 3: Warped [Collector's Edition],15.31
Crash Bandicoot 3: Warped [Greatest Hits],14.03
Crash Bandicoot [Collectors Edition],65.80
Crash Bandicoot [Greatest Hits],24.41
Crash Bash,25.81
Crash Bash [Collector's Edition],13.75
Crash Bash [Greatest Hits],11.73
Crash Team Racing,6.81
Crash Team Racing [Collector's Edition],16.55
Crash Team Racing [Greatest Hits],19.85
Creatures,10.22
Creatures: Raised in Space,10.47
Crime Killer,11.03
Critical Depth,13.09
Criticom,9.52
Croc 2,19.41
Croc: Legend of the Gobbos,16.51
Croc: Legend of the Gobbos [Greatest Hits],6.23
Crossroad Crisis,4.47
Crow: City of Angels,40.34
Crusader: No Remorse,31.57
Crusaders of Might and Magic,10.50
Crypt Killer,22.23
Cubix Robots for Everyone,4.05
Cyber Sled,34.42
CyberSpeed,14.02
CyberTiger,4.22
Cyberia,10.64
Cyberia [Longbox],19.68
D: The Video Game,61.54
D: The Video Game [Longbox],102.56
Dance Dance Revolution,7.96
Dance Dance Revolution: Disney Mix,22.10
Dance Dance Revolution: Konamix,6.20
Dance Dance Revolution: Konamix [Greatest Hits],8.48
Danger Girl,29.15
Dare Devil Derby 3D,7.49
Darklight Conflict,9.14
Darkstalkers 3: Jedah's Damnation,76.72
Darkstalkers: The Night Warriors,128.82
Darkstalkers: The Night Warriors [Longbox],86.19
Darkstone: Evil Reigns,3.75
Dave Mirra Freestyle BMX,5.92
Dave Mirra Freestyle BMX [Greatest Hits],4.95
Dave Mirra Freestyle BMX: Maximum Remix,7.01
David Beckham Soccer,9.31
Dead Ball Zone,7.89
Dead in the Water,12.83
Dead or Alive,33.27
Deathtrap Dungeon,7.21
Deception III: Dark Delusion,52.78
Defcon 5: Peace Has a Price,15.52
Delta Force: Urban Warfare,10.71
Demolition Racer,10.91
Descent,18.04
Descent Maximum,14.74
Destrega,23.96
Destruction Derby,21.82
Destruction Derby 2,7.46
Destruction Derby 2 [Greatest Hits],9.85
Destruction Derby Raw,13.14
Destruction Derby [Greatest Hits],5.43
Destruction Derby [Longbox],10.78
Detective Barbie: The Mystery Cruise,7.43
Devil Dice,14.24
Dexter's Laboratory: Mandark's Lab,11.50
Diablo,63.53
Die Hard Trilogy,3.21
Die Hard Trilogy 2: Viva Las Vegas,13.98
Die Hard Trilogy [Greatest Hits],8.16
Digimon Rumble Arena,18.15
Digimon Rumble Arena [Greatest Hits],19.28
Digimon World,65.25
Digimon World 2,61.22
Digimon World 3,53.49
Digimon World 3 [Greatest Hits],42.97
Digimon World [Greatest Hits],26.57
Digimon: Digital Card Battle,63.43
Dino Crisis,39.66
Dino Crisis 2,74.38
Dino Crisis [Greatest Hits],38.88
Dirt Jockey: Heavy Equipment Operator,7.12
Discworld,63.51
Discworld II: Mortality Bytes!,52.99
Disney Action Games [Collector's Edition],39.99
Disney Collector's Edition,0.00
Disney's Dinosaur,4.63
Disruptor,27.83
Divide: Enemies Within,26.18
Donald Duck: Goin' Quackers,17.13
Doom [Greatest Hits],32.04
Doom [Jewel Case],279.40
Doom [Longbox],57.21
Dora the Explorer: Barnyard Buddies,6.28
Dracula 2: The Last Sanctuary,10.70
Dracula: The Resurrection,21.29
Dragon Ball GT: Final Bout,31.82
Dragon Ball GT: Final Bout [Reprint],14.89
Dragon Ball Z: Ultimate Battle 22,6.25
Dragon Ball Z: Ultimate Battle 22 [Greatest Hits],17.19
Dragon Seeds,52.32
Dragon Tales: Dragon Seek,8.18
Dragon Valor,47.17
Dragon Warrior VII,53.98
Dragonheart: Fire & Steel,32.36
Driver / Driver 2 [Twin Pack],22.83
Driver 2,8.90
Driver 2 [Greatest Hits],9.78
Driver: You Are the Wheelman,11.43
Driver: You Are the Wheelman [Greatest Hits],4.59
Ducati World,12.88
Duke Nukem: Land of the Babes,24.90
Duke Nukem: Time to Kill,10.94
Duke Nukem: Time to Kill [Greatest Hits],9.23
Duke Nukem: Total Meltdown,10.83
Dukes of Hazzard II: Daisy Dukes It Out,11.14
Dukes of Hazzard: Racing for Home,4.27
Dukes of Hazzard: Racing for Home [Greatest Hits],9.23
Dune 2000,25.62
Dynasty Warriors,22.77
E.T.: The Extra-Terrestrial: Interplanetary Mission,9.25
EA Racing Pack Collector's Edition,25.40
ECW Anarchy Rulz,41.29
ECW Hardcore Revolution,10.82
ESPN Extreme Games,10.60
ESPN Extreme Games [Longbox],17.85
ESPN MLS GameNight,24.25
ESPN X-Games Pro Boarder,6.70
Eagle One: Harrier Attack,11.57
Easter Bunny's Big Day,21.72
Echo Night,127.33
Eggs of Steel,40.20
Ehrgeiz: God Bless the Ring,55.15
Eidos Collector's Edition,38.83
Einhander,142.13
Elemental Gearbolt,157.21
Elemental Gearbolt [Assassin Case],0.00
Eliminator,7.64
Emperor's New Groove,9.35
Epidemic,20.00
Equestrian Showcase,5.23
Eternal Eyes,10.56
Evil Dead: Hail to the King,26.43
Evil Zone,27.09
Excalibur 2555 A.D.,15.17
Expendable,22.50
Extreme Go-Kart Racing,10.50
Extreme Pinball,8.03
Extreme Pinball [Longbox],15.57
F1 2000,3.42
F1 Championship Season 2000,3.05
F1 Racing Championship,19.28
F1 World Grand Prix,6.88
F1 World Grand Prix 2000,9.40
F1 World Grand Prix: Season 1999,9.41
FIFA 2000,9.81
FIFA 2001,8.21
FIFA 98: Road to World Cup,19.27
FIFA 99,9.75
FIFA Soccer 2002,7.67
FIFA Soccer 2003,8.76
FIFA Soccer 2004,8.39
FIFA Soccer 2005,22.59
FIFA Soccer 96,12.47
FIFA Soccer 96 [Longbox],21.45
FIFA Soccer 97,10.67
FIFA World Cup 2002,15.29
FOX Sports Golf 99,5.27
FOX Sports NHL Championship 2000,4.84
FOX Sports Soccer 99,4.61
Fade to Black,11.23
Fade to Black [Longbox],36.99
Family Card Games Fun Pack,3.99
Family Feud,6.62
Family Game Pack,5.00
Fantastic Four,23.73
Fatal Fury: Wild Ambition,38.48
Fear Effect,31.48
Fear Effect 2: Retro Helix,36.13
Felony 11-79,19.90
Fifth Element,16.02
Fighter Maker,10.11
Fighting Force,11.86
Fighting Force 2,11.23
Fighting Force [Greatest Hits],16.76
Final Doom,45.23
Final Fantasy Anthology,17.40
Final Fantasy Anthology [Greatest Hits],15.02
Final Fantasy Chronicles,36.84
Final Fantasy Chronicles [Greatest Hits],18.01
Final Fantasy IX,19.44
Final Fantasy IX [Greatest Hits],10.44
Final Fantasy Origins,22.44
Final Fantasy Origins [Greatest Hits],21.41
Final Fantasy Tactics,35.81
Final Fantasy Tactics [Greatest Hits],15.96
Final Fantasy VII,19.64
Final Fantasy VII [Greatest Hits],19.34
Final Fantasy VIII,15.42
Final Fantasy VIII [Greatest Hits],8.73
Final Round,6.44
Fisherman's Bait,6.74
Fisherman's Bait 2: Big Ol Bass,13.13
Flintstones Bedrock Bowling,10.47
Floating Runner: Quest for the 7 Crystals,38.22
Ford Racing,1.82
Ford Truck Mania,5.04
Formula 1,4.02
Formula 1 2000,7.73
Formula 1 98,8.90
Formula 1 99,6.43
Formula 1 [Greatest Hits],7.65
Formula 1: Championship Edition,6.55
Forsaken,6.57
Fox Hunt,177.86
Frank Thomas Big Hurt Baseball,19.18
Freestyle Boardin 99,7.57
Freestyle Motocross: McGrath vs. Pastrana,3.25
Frogger,14.51
Frogger 2: Swampy's Revenge,5.59
Frogger 2: Swampy's Revenge [Greatest Hits],8.60
Frogger [Greatest Hits],3.32
Front Mission 3,40.33
Future Cop L.A.P.D.,52.84
G-Darius,75.95
G-Police,10.79
G-Police: Weapons of Justice,17.82
Galaga: Destination Earth,8.58
Galerians,39.64
Gallop Racer,11.39
Game of Life,6.50
GameShark,21.01
Gauntlet Legends,16.96
Gekido: Urban Fighters,32.72
Gekioh: Shooting King,47.39
Geom Cube,8.44
Geom Cube [Longbox],21.66
Gex,21.46
Gex 3: Deep Cover Gecko,19.80
Gex [Longbox],29.95
Gex: Enter the Gecko,33.24
Ghost in the Shell,90.99
Glover,17.75
Goal Storm,25.08
Goal Storm 97,33.66
Gold & Glory: The Road to El Dorado,16.85
Golden Nugget,5.21
Golden Tee Golf: Peter Jacobsen's,17.75
Goofy's Fun House,15.95
Gran Turismo,16.41
Gran Turismo 2,7.73
Gran Turismo 2 [Greatest Hits],3.15
Gran Turismo [Greatest Hits],5.34
Grand Slam,7.91
Grand Theft Auto,22.92
Grand Theft Auto 2,18.50
Grand Theft Auto 2 [Greatest Hits],8.14
Grand Theft Auto [Greatest Hits],7.95
Grand Theft Auto: Collectors Edition,30.22
Grand Theft Auto: London 1969,14.96
Grand Theft Auto: The Director's Cut,20.62
"Grand Tour Racing 98, Car and Driver Presents",6.94
Grandia,65.51
Granstream Saga,25.89
Grid Runner,7.65
Grinch,15.69
Grind Session,8.57
Grudge Warriors,4.98
Guardian's Crusade,40.40
Gubble,8.26
Guilty Gear,51.21
Gundam Battle Assault,32.79
Gundam Battle Assault 2,27.25
Gunfighter: The Legend of Jesse James,2.30
Gunship,4.40
Gunship [Longbox],18.01
HBO Boxing,4.19
Hardball 5,11.69
Hardball 99,8.98
Harry Potter and the Chamber of Secrets,12.29
Harry Potter and the Sorcerer's Stone,9.34
Harry Potter and the Sorcerer's Stone [Greatest Hits],11.53
Harvest Moon: Back to Nature,49.12
Heart of Darkness,34.28
Hellboy: Asylum Seeker,18.61
Hello Kitty: Cube Frenzy,9.31
Herc's Adventures,99.29
Hercules,26.40
Hexen,17.73
Hi-Octane: The Track Fights Back,12.53
Hi-Octane: The Track Fights Back [Longbox],20.28
High Heat Baseball 2000,5.97
High Heat: Major League Baseball 2002,9.52
Hive,30.29
Hogs of War,36.28
Hooters Road Trip,12.24
Hoshigami: Ruining Blue Earth,56.87
Hot Shots Golf,10.24
Hot Shots Golf 2,15.19
Hot Wheels: Extreme Racing,13.31
Hot Wheels: Turbo Racing,13.19
Hot Wheels: Turbo Racing [Greatest Hits],31.36
Hugo: The Evil Mirror,14.23
Hydro Thunder,21.54
IHRA Drag Racing,5.53
ISS Pro Evolution,99.76
ISS Soccer Pro 98,16.64
Impact Racing,11.09
In Cold Blood,37.81
In The Hunt,179.60
In The Hunt [Longbox],102.22
Incredible Crisis,41.29
Incredible Hulk: The Pantheon Saga,9.90
Independence Day,5.55
Inspector Gadget: Gadget's Crazy Maze,10.10
Intelligent Qube,55.16
Intellivision Classics,4.05
International Track & Field,12.41
International Track & Field 2000,12.30
International Track & Field [Longbox],18.39
Interplay Sports Baseball 2000,6.98
InuYasha: A Feudal Fairy Tale,14.42
Invasion From Beyond: B-Movie,12.35
Iron & Blood: Warriors of Ravenloft,13.24
Iron Man X-O Manowar in Heavy Metal,23.28
Iron Soldier 3,13.66
Irritating Stick,26.40
Italian Job,3.83
Jackie Chan Stuntmaster,70.84
Jade Cocoon: Story of Tamamayu,49.65
Jarrett & Labonte Stock Car Racing,3.82
Jeopardy!,2.25
Jeopardy!: 2nd Edition,3.33
Jeremy McGrath SuperCross 2000,3.95
Jeremy McGrath SuperCross 98,3.91
Jeremy McGrath SuperCross 98 [Greatest Hits],5.09
Jersey Devil,49.12
Jet Moto,11.71
Jet Moto 2,9.39
Jet Moto 2 [Greatest Hits],7.75
Jet Moto 3,9.10
Jet Moto [Greatest Hits],3.73
Jigsaw Madness,5.63
Jimmy Johnson's VR Football 98,8.58
Jimmy White's 2: Cueball,5.88
Johnny Bazookatone,16.33
Johnny Bazookatone [Longbox],24.39
Jojo's Bizarre Adventure,258.59
Judge Dredd,16.54
Juggernaut,61.63
Jumping Flash!,59.69
Jumping Flash! 2: Big Trouble in Little Muu,26.19
Jumpstart: Wildlife Safari,3.14
Jungle Book: Rhythm n' Groove,7.27
Jupiter Strike,15.70
K-1 Arena,9.48
K-1 Grand Prix,24.08
K-1 Revenge,13.42
KISS Pinball,4.97
Kagero: Deception II,29.51
Kartia: The Word of Fate,45.01
Kensei: Sacred Fist,39.00
Kickboxing,7.54
Kileak: The DNA Imperative,18.85
Killer Loop,6.48
Killing Zone,15.73
King of Fighters 95,32.78
King of Fighters 99,21.39
King's Field,51.63
King's Field II,45.77
King's Field [Longbox],64.09
Kingsley's Adventure,46.12
Klonoa: Door to Phantomile,324.79
Knockout Kings,6.83
Knockout Kings 2000,1.45
Knockout Kings 2001,7.34
Konami Arcade Classics,33.23
Koudelka,171.35
Krazy Ivan,17.14
Kurt Warner's Arena Football Unleashed,13.96
Land Before Time: Big Water Adventure,3.63
Land Before Time: Great Valley Racing Adventure,9.35
Land Before Time: Return to Great Valley,4.31
Largo Winch: Commando Sar,6.56
League of Pain: Professional Underground,8.32
Legacy of Kain: Soul Reaver,13.32
Legacy of Kain: Soul Reaver [Greatest Hits],19.89
Legend of Dragoon,39.24
Legend of Dragoon [Greatest Hits],31.48
Legend of Legaia,44.48
Legend of Mana,55.15
Lego Island 2: The Brickster's Revenge,20.87
Lego Racers,16.21
Lego Rock Raiders,16.65
Lemmings & Oh No! More Lemmings,14.04
Lemmings 3D,25.01
Lethal Enforcers I & II,46.03
Lilo & Stitch,18.91
The Lion King: Simba's Mighty Adventure,14.44
The Lion King: Simba's Mighty Adventure [Collectors Edition],19.57
Little Mermaid II,13.89
Loaded,31.95
Loaded [Greatest Hits],16.19
Loaded [Longbox],36.86
Lode Runner,25.08
Looney Toons Sheep Raider,23.65
Looney Tunes Racing,18.71
Lost World: Jurassic Park,9.41
Lost World: Jurassic Park [Greatest Hits],20.76
Lucky Luke,14.39
Lunar 2: Eternal Blue Complete,122.37
Lunar: Silver Star Story Complete,95.44
Lunar: Silver Star Story Complete [Fan Art Edition],69.46
M&M's Shell Shocked,9.43
MDK,19.45
MLB 2000,2.70
MLB 2001,6.10
MLB 2002,2.76
MLB 2003,2.14
MLB 2004,2.61
MLB 2005,9.64
MLB 98,7.77
MLB 99,6.98
MLB Pennant Race,6.82
MTV Music Generator,23.50
MTV Sports: Pure Ride,6.82
MTV Sports: Skateboarding featuring Andy MacDonal,5.00
MTV Sports: Snowboarding,8.66
MTV Sports: TJ Lavin's Ultimate BMX,6.65
MTV's Celebrity Deathmatch,8.81
Machine Head,11.24
Machine Hunter,11.70
Madden NFL 2000,3.16
Madden NFL 2001,2.43
Madden NFL 2002,2.82
Madden NFL 2003,4.16
Madden NFL 2004,10.25
Madden NFL 2005,7.80
Madden NFL 97,6.08
Madden NFL 98,7.03
Madden NFL 98 [Greatest Hits],12.79
Madden NFL 99,1.79
Magic Carpet,31.82
Magic Carpet [Longbox],36.15
Magic the Gathering: Battlemage,20.60
Marble Master,8.47
Martian Gothic: Unification,18.97
Marvel Super Heroes,43.71
Marvel Super Heroes vs. Street Fighter,131.14
Marvel vs. Capcom: Clash of the Super Heroes,85.14
Mary-Kate and Ashley: Crush Course,7.40
Mary-Kate and Ashley: Magical Mystery Mall,7.20
Mary-Kate and Ashley: Winners Circle,6.76
Mass Destruction,6.29
Master of Monsters: Disciples of Gaia,24.12
Mat Hoffman's Pro BMX,1.50
Mat Hoffman's Pro BMX [Greatest Hits],10.89
Maximum Force,17.50
MechWarrior 2,10.22
Medal of Honor,17.33
Medal of Honor [Greatest Hits],8.03
Medal of Honor: Underground,14.74
Medal of Honor: Underground [Greatest Hits],8.08
MediEvil,28.48
MediEvil II,54.52
Mega Man 8,30.33
Mega Man 8 [Greatest Hits],9.84
Mega Man Legends,59.31
Mega Man Legends 2,88.84
Mega Man Legends [Greatest Hits],34.34
Mega Man X4,27.98
Mega Man X4 [Greatest Hits],26.30
Mega Man X5,18.38
Mega Man X6,22.75
Men in Black: The Series: Crashdown,11.51
Metal Gear Solid,40.34
Metal Gear Solid [Greatest Hits],13.64
Metal Gear Solid: VR Missions,8.17
Metal Slug X,34.76
Michelin Rally Masters: Race of Champions,7.12
Micro Machines V3,11.35
Micro Maniacs Racing,11.36
Mike Tyson Boxing,12.97
Miracle Space Race,7.13
Misadventures of Tron Bonne,298.32
Miss Spiders Tea Party,5.63
Missile Command,5.76
Mission: Impossible,8.09
Mobil 1 Rally Championship,9.80
Mobile Armor,9.11
Mobile Light Force,25.52
Monaco Grand Prix,7.96
Monkey Hero,25.70
Monkey Magic,32.05
Monopoly,2.91
Monopoly [Greatest Hits],6.38
Monster Bass,5.99
Monster Rancher,50.00
Monster Rancher 2,36.79
Monster Rancher Hop-a-Bout,33.01
Monster Rancher: Battle Card: Episode II,20.49
"Monsters, Inc.: Scream Team",3.58
"Monsters, Inc.: Scream Team [Greatest Hits]",9.99
Monsterseed,37.59
Mort the Chicken,16.09
Mortal Kombat 3,620.51
Mortal Kombat 3 [Longbox],29.63
Mortal Kombat 4,18.77
Mortal Kombat 4 [Greatest Hits],25.16
Mortal Kombat Mythologies: Sub Zero,32.64
Mortal Kombat Trilogy,36.51
Mortal Kombat Trilogy [Greatest Hits],30.86
Mortal Kombat: Special Forces,43.70
Moto Racer,9.06
Moto Racer 2,3.71
Moto Racer World Tour,11.86
Motocross Mania,6.84
Motocross Mania 2,3.79
Motor Toon Grand Prix,30.02
Motorhead,14.38
"Mr. Domino, No One Can Stop",13.12
Mr. Driller,34.14
Ms. Pac-Man: Maze Madness,12.99
Mulan: Story Studio,2.99
Mummy,22.13
Muppet Monster Adventure,72.53
Muppet Race Mania,19.69
My Disney Kitchen,16.06
Myst,24.68
N-Gen Racing,16.11
N2O Nitrous Oxide,12.99
NASCAR 2000,6.54
NASCAR 2001,3.54
NASCAR 98,2.76
NASCAR 98 [Collectors Edition],6.82
NASCAR 98 [Greatest Hits],6.58
NASCAR 99,3.35
NASCAR 99 Legacy,8.85
NASCAR 99 [Greatest Hits],8.81
NASCAR Heat,4.90
NASCAR Racing,2.17
NASCAR Rumble,13.87
NASCAR Thunder 2002,5.48
NASCAR Thunder 2003,6.57
NASCAR Thunder 2004,6.46
NBA Basketball 2000,8.62
NBA Fastbreak 98,10.90
NBA Hangtime,65.36
NBA Hoopz,8.64
NBA In the Zone,5.47
NBA In the Zone 2,22.84
NBA In the Zone 2000,21.19
NBA In the Zone 98,5.41
NBA In the Zone 99,2.37
NBA Jam Extreme,12.63
NBA Jam T.E.,47.13
NBA Live 2000,4.75
NBA Live 2001,6.17
NBA Live 2002,7.55
NBA Live 2003,6.39
NBA Live 96,11.23
NBA Live 96 [Longbox],12.10
NBA Live 97,8.96
NBA Live 98,6.14
NBA Live 99,3.73
NBA ShootOut,8.39
NBA ShootOut 2000,8.05
NBA ShootOut 2002,4.68
NBA ShootOut 2003,2.59
NBA ShootOut 2004,5.76
NBA ShootOut 97,6.63
NBA ShootOut 98,7.20
NBA ShootOut [Longbox],9.86
NBA Shootout 2001,2.43
NBA Showtime: NBA on NBC,6.93
NCAA Basketball Final Four 97,5.01
NCAA Final Four 2000,5.50
NCAA Final Four 2001,3.62
NCAA Final Four 99,2.95
NCAA Football 2000,6.18
NCAA Football 2001,8.56
NCAA Football 98,12.74
NCAA Football 99,8.07
NCAA Football Gamebreaker,4.40
NCAA Gamebreaker 2000,2.55
NCAA Gamebreaker 2001,2.13
NCAA Gamebreaker 98,6.52
NCAA Gamebreaker 99,7.07
NCAA March Madness 2000,6.67
NCAA March Madness 2001,8.18
NCAA March Madness 98,4.59
NCAA March Madness 99,3.88
NFL Blitz,5.88
NFL Blitz 2000,12.27
NFL Blitz 2000 [Greatest Hits],362.67
NFL Blitz 2001,13.43
NFL Blitz [Greatest Hits],11.65
NFL Full Contact,10.24
NFL GameDay 2005,11.12
NFL Gameday,6.91
NFL Gameday 2000,1.97
NFL Gameday 2001,1.49
NFL Gameday 2002,3.19
NFL Gameday 2003,8.35
NFL Gameday 2004,1.48
NFL Gameday 97,5.04
NFL Gameday 97 [Greatest Hits],7.94
NFL Gameday 98,2.38
NFL Gameday 99,2.26
NFL Gameday [Greatest Hits],6.82
NFL Gameday [Longbox],10.40
NFL Quarterback Club 97,2.86
NFL Xtreme,3.65
NFL Xtreme 2,6.77
NHL 2000,4.87
NHL 2001,6.14
NHL 97,5.41
NHL 98,2.10
NHL 98 [Greatest Hits],12.17
NHL 99,5.81
NHL Blades of Steel 2000,13.09
NHL Breakaway 98,7.33
NHL Faceoff,5.72
NHL Faceoff 2000,1.83
NHL Faceoff 2001,8.55
NHL Faceoff 97,2.99
NHL Faceoff 97 [Greatest Hits],5.83
NHL Faceoff 98,1.76
NHL Faceoff 99,4.21
NHL Faceoff [Greatest Hits],17.71
NHL Faceoff [Longbox],8.51
NHL Open Ice,47.52
NHL Powerplay 96,5.35
NHL Powerplay 98,7.64
NHL Rock the Rink,7.97
Nagano Winter Olympics 98,5.56
Namco Museum Vol.1,11.44
Namco Museum Vol.1 [Greatest Hits],4.02
Namco Museum Vol.2,36.52
Namco Museum Vol.3,3.19
Namco Museum Vol.3 [Greatest HIts],6.97
Namco Museum Vol.4,67.66
Namco Museum Vol.5,151.64
Namco NeGcon Controller [NPC-101],20.45
Nanotek Warrior,47.59
Nectaris: Military Madness,24.57
Need for Speed II,14.92
Need for Speed II [Greatest Hits],17.87
Need for Speed III: Hot Pursuit,3.98
Need for Speed III: Hot Pursuit [Greatest Hits],4.73
Need for Speed: High Stakes,8.38
Need for Speed: High Stakes [Greatest Hits],10.77
Need for Speed: Porsche Unleashed,14.83
Need for Speed: Road & Track Presents,10.76
Need for Speed: Road & Track Presents [Greatest Hits],12.60
Need for Speed: Road & Track Presents [Longbox],21.52
Need for Speed: V-Rally,7.10
Need for Speed: V-Rally 2,7.48
Newman-Haas Racing,9.01
Next Tetris,3.08
Nicktoons Racing,22.33
Nightmare Creatures,29.19
Nightmare Creatures II,36.81
Ninja: Shadow of Darkness,16.89
No Fear Downhill Mountain Bike Racing,15.12
Norse by Norsewest: Return of the Lost Vikings,22.35
Novastorm,22.85
Nuclear Strike,2.94
Nuclear Strike [Greatest Hits],6.25
O.D.T.: Escape... Or Die Trying,10.96
Oddworld: Abes Exoddus,14.86
Oddworld: Abes Oddysee,14.42
Oddworld: Abes Oddysee [Greatest Hits],17.96
Off-World Interceptor Extreme,18.19
Off-World Interceptor Extreme [Longbox],14.33
Ogre Battle: The March of the Black Queen,83.95
Olympic Soccer,11.22
Olympic Summer Games,4.96
Omega Boost,27.53
One,9.13
One Piece: Mansion,11.25
Overblood,31.20
PGA Tour 96,37.63
PGA Tour 96 [Longbox],8.64
PGA Tour 97,3.66
PGA Tour 98,4.11
PO'ed,58.85
PO'ed [Longbox],47.87
Pac-Man World,12.28
Pac-Man World [Greatest Hits],14.80
Pajama Sam: You Are What You Eat from Your Head to Your Feet,18.79
Pandemonium!,18.58
Pandemonium! 2,39.67
Panzer Front,22.32
Panzer General,25.76
Panzer General [Longbox],17.99
Parappa the Rapper,51.05
Parasite Eve,42.25
Parasite Eve II,60.25
Parasite Eve [Greatest Hits],35.96
Patriotic Pinball,7.47
Peak Performance,27.60
Perfect Weapon,4.72
Persona 2: Eternal Punishment,276.22
Peter Pan: Return to Neverland,11.09
Philosoma,81.50
Philosoma (First Run),0.00
Phix: The Adventure,10.84
Pink Panther: Pinkadelic Pursuit,113.66
Pinobee,13.91
Pipe Dreams 3D,4.72
Pitball,13.71
Pitfall 3D: Beyond the Jungle,10.05
Planet of the Apes,11.38
Play with the Teletubbies,8.42
PlayStation (PS One) & LCD Combo,0.00
PlayStation (PS one),80.86
PlayStation (PS one) LCD Screen,0.00
PlayStation Classic,0.00
PlayStation [SCPH-1001],36.94
Pocket Fighter,36.13
Point Blank,41.90
Point Blank 2,36.42
Point Blank 2 [Guncon Bundle],40.84
Point Blank 3,55.88
Point Blank 3 [Guncon Bundle],61.79
Point Blank [Guncon Bundle],78.98
Polaris Snocross,4.52
Pong: The Next Level,8.01
Pooh's Party Game: In Search of the Treasure,4.05
Pool Hustler,3.22
Populous: The Beginning,11.40
Porsche Challenge,12.27
Power Move Pro Wrestling,2.90
Power Play: Sports Trivia,6.33
Power Rangers Zeo: Full Tilt Battle Pinball,17.55
Power Rangers: Lightspeed Rescue,11.89
Power Rangers: Time Force,8.80
Power Serve 3D Tennis,16.48
Power Shovel,38.51
Power Spike Pro Beach Volleyball,2.36
Powerboat Racing,3.57
Powerpuff Girls: Chemical X-Traction,9.22
Powerslave,82.06
Poy Poy,54.78
Primal Rage,51.72
Pro 18: World Tour Golf,8.43
Pro Pinball,8.29
Pro Pinball: Big Race USA,4.38
Pro Pinball: Fantastic Journey,6.14
Pro Pinball: Timeshock!,13.81
Project Overkill,13.25
Project: Horned Owl,45.75
Psybadek,6.81
Psychic Detective,153.40
Psychic Force,77.08
Punky Skunk,61.15
Putter Golf,7.12
Puzzle Star Sweep,10.97
Puzznic,8.82
Q-Bert,8.10
Qix Neo,16.61
Quake II,12.89
R-Type Delta,209.54
R-Types,43.49
R/C Stunt Copter,8.20
RC Helicopter,2.33
RC Revenge,6.56
RC de Go!,14.49
RPG Maker,14.07
Racing,3.92
Rage Racer,16.84
Rageball,4.94
Raiden DX,0.00
Raiden Project,52.13
Railroad Tycoon II,9.39
Rally Cross,6.68
Rally Cross 2,6.87
Rampage 2: Universal Tour,18.34
Rampage Through Time,31.10
Rampage World Tour,20.39
Rascal,5.44
Rascal Racers,47.14
Rat Attack!,9.05
Ray Tracers,24.32
Raycrisis: Series Termination,161.53
Rayman,47.50
Rayman 2: The Great Escape,8.85
Rayman Brain Games,7.08
Rayman Rush,11.03
Rayman [Greatest Hits],7.22
Rayman [Longbox],43.27
Raystorm,129.77
Razor Freestyle Scooter,5.49
Razor Racing,6.67
Re-Volt: Racing out of Control,6.99
Ready 2 Rumble Boxing,6.47
Ready 2 Rumble Boxing [Greatest Hits],9.99
Ready 2 Rumble Boxing: Round 2,7.41
Reboot,20.48
Red Asphalt,10.84
Reel Fishing,7.60
Reel Fishing II,13.32
Reel Fishing [Greatest Hits],6.75
Reloaded,25.69
Renegade Racers,8.88
Rescue Copter,6.63
Rescue Heroes: Molten Menace,3.71
Resident Evil,77.38
Resident Evil 2,34.75
Resident Evil 2 [Dual Shock Edition],24.51
Resident Evil 2 [Greatest Hits],23.92
Resident Evil 3: Nemesis,40.18
Resident Evil 3: Nemesis [Greatest Hits],48.60
Resident Evil [Longbox],110.83
Resident Evil: Directors Cut,67.77
Resident Evil: Directors Cut [Greatest Hits],22.31
Resident Evil: Survivor,39.20
Return Fire,41.23
Revelations Series: Persona,225.01
Revolution X,20.85
Rhapsody: A Musical Adventure,83.12
Ridge Racer Revolution,15.62
Ridge Racer Type 4,26.07
Ridge Racer [Greatest Hits],11.43
Ridge Racer [Jewel Case],151.40
Ridge Racer [Longbox],22.82
Rise 2: Resurrection,18.83
Rising Zan: Samurai Gunman,66.41
Risk,10.31
Rival Schools: United by Fate,121.35
Riven: The Sequel to Myst,11.59
Road Rash,14.26
Road Rash 3D,15.24
Road Rash 3D [Greatest Hits],9.44
Road Rash [Greatest Hits],18.28
Road Rash [Longbox],30.69
Road Rash: Jailbreak,6.52
Roadsters,16.65
Robo Pit,19.34
Robo-Pit 2,10.27
Robotron X,15.16
Rock 'Em Sock 'Em Robots Arena,9.26
Rocket Power: Team Rocket Rescue,1.65
Rocket Power: Team Rocket Rescue [Greatest Hits],9.40
Rogue Trip: Vacation 2012,15.95
Roll Away,19.37
Rollcage,10.29
Rollcage: Stage II,8.13
Romance of the Three Kingdoms IV: Wall of Fire,15.63
Romance of the Three Kingdoms IV: Wall of Fire [Longbox],16.77
Romance of the Three Kingdoms VI: Awakening of the Dragon,30.91
Rosco McQueen Firefighter Extreme,9.45
"Roswell Conspiracies: Aliens, Myths & Legends",8.38
Rugrats in Paris: The Movie,9.02
Rugrats: Search for Reptar,12.41
Rugrats: Search for Reptar [Greatest Hits],16.76
Rugrats: Studio Tour,8.86
Rugrats: Totally Angelica,18.61
Runabout 2,39.67
Running Wild,13.10
Rush Hour,19.95
Rushdown,4.16
S.C.A.R.S.,9.66
SaGa Frontier,49.17
SaGa Frontier II,54.86
Sabrina the Teenage Witch: A Twitch in Time,7.73
Saiyuki: Journey West,44.33
Saltwater Sportfishing,7.55
Sammy Sosa High Heat Baseball 2001,6.00
Sammy Sosa Softball Slam,5.90
Sampler Pack Volume Three,7.27
Samurai Shodown III,21.95
Samurai Shodown: Warriors Rage,90.88
San Francisco Rush: Extreme Racing,3.82
Scooby-Doo & The Cyber Chase,11.75
Scooby-Doo & The Cyber Chase [Greatest Hits],10.40
Scrabble,6.80
Sea Doo Hydrocross,6.39
Sentient,24.28
Sentinel Returns,10.57
Sesame Street Sports,3.93
Sesame Street: Elmo's Letter Adventure,5.49
Sesame Street: Elmo's Number Journey,8.15
Shadow Madness,12.31
Shadow Man,12.50
Shadow Master,10.86
Shadow Tower,115.97
Shanghai: True Valor,8.71
Sheep,10.46
Shellshock,8.54
Shellshock [Longbox],17.58
Shipwreckers!,13.50
Shockwave Assault,18.84
Shrek Treasure Hunt,4.62
Silent Bomber,167.86
Silent Hill,126.14
Silent Hill [Greatest Hits],99.57
Silhouette Mirage,70.34
Silverload,79.08
Sim Theme Park,9.86
SimCity 2000,2.93
SimCity 2000 [Greatest Hits],6.75
The Simpsons Wrestling,9.61
Skeleton Warriors,16.96
Skeleton Warriors [Longbox],29.87
Skullmonkeys,85.79
Skydiving Extreme,3.33
Slam n' Jam 96,14.44
Slam n' Jam 96 [Longbox],10.77
Slamscape,9.19
Sled Storm,5.61
Sled Storm [Greatest Hits],10.63
Slots,7.47
Small Soldiers,12.86
Smurf Racer,5.87
Smurfs,15.23
Sno Cross Championship Racing,10.25
Snowboarding,3.31
Sol Divide,23.55
Sorcerer's Maze,6.58
Soul Blade,18.75
Soul Blade [Greatest Hits],15.44
Soul of the Samurai,26.18
South Park,19.74
South Park Rally,14.13
South Park: Chef's Luv Shack,12.88
Soviet Strike,5.26
Soviet Strike [Greatest Hits],9.47
Space Griffon VF-9,46.45
Space Hulk: Vengeance of the Blood Angels,21.48
Space Invaders,8.71
Space Jam,16.05
Space Shot,13.62
Spawn: The Eternal,20.43
Spec Ops: Airborne Commando,5.06
Spec Ops: Covert Assault,4.36
Spec Ops: Ranger Elite,2.00
Spec Ops: Stealth Patrol,3.12
Speed Punks,17.00
Speed Racer,20.70
Speedball 2100,4.41
Spice World,7.22
Spider-Man,19.20
Spider-Man 2: Enter Electro,33.08
Spider-Man 2: Enter Electro [Greatest Hits],26.68
Spider-Man [Greatest Hits],21.36
Spider: The Video Game,33.75
Spin Jam,2.44
Spongebob Squarepants: Supersponge,7.07
Spongebob Squarepants: Supersponge [Greatest Hits],1.28
Sports Car GT,4.83
Sports Superbike 2,3.84
Spot Goes to Hollywood,17.26
Spyro the Dragon,23.93
Spyro the Dragon 2: Ripto's Rage,7.55
Spyro the Dragon 2: Ripto's Rage [Collectors Edition],22.16
Spyro the Dragon 2: Ripto's Rage [Greatest Hits],15.16
Spyro the Dragon [Collectors Edition],16.47
Spyro the Dragon [Greatest Hits],7.74
Spyro: Collectors Edition,15.92
Spyro: Year of the Dragon,19.11
Spyro: Year of the Dragon [Collectors Edition],16.01
Spyro: Year of the Dragon [Greatest Hits],14.32
Star Fighter,10.44
Star Gladiator: Episode 1: Final Crusade,34.95
Star Ocean: The Second Story,50.60
Star Sweep,10.02
Star Trek: Invasion,14.94
Star Wars: Dark Forces,18.62
Star Wars: Dark Forces [Greatest Hits],13.86
Star Wars: Demolition,11.09
Star Wars: Episode I: Jedi Power Battles,9.23
Star Wars: Episode I: Jedi Power Battles [Greatest Hits],7.79
Star Wars: Episode I: The Phantom Menace,6.44
Star Wars: Episode I: The Phantom Menace [Greatest Hits],7.50
Star Wars: Masters of Teras Kasi,15.58
Star Wars: Rebel Assault II,2.86
Star Wars: Rebel Assault II [Greatest Hits],8.96
Starblade Alpha,111.12
Starfighter Sanvein,3.46
Starwinder: The Ultimate Space Race,6.95
Steel Harbinger,43.25
Steel Reign,7.87
Streak: Hoverboard Racing,5.51
Street Fighter Alpha 2,21.94
Street Fighter Alpha 3,18.33
Street Fighter Alpha 3 [Greatest Hits],24.54
Street Fighter Alpha: Warriors' Dreams,99.13
Street Fighter Alpha: Warriors' Dreams [Longbox],30.41
Street Fighter Collection,52.01
Street Fighter Collection 2,54.50
Street Fighter EX Plus Alpha,45.67
Street Fighter EX2 Plus,86.30
Street Fighter: The Movie,63.40
Street Racer,12.29
Street Racquetball,4.54
Street Sk8er,9.54
Street Sk8er 2,11.78
Strider 2,94.50
Strike Point,7.62
Striker 96,19.68
Striker Pro 2000,6.41
Strikers 1945,28.74
Strikers 1945 2 II,0.00
Stuart Little 2,4.26
Stuart Little 2 [Greatest Hits],2.54
Suikoden,65.00
Suikoden II,345.25
Super Bubble Pop,7.66
Super Puzzle Fighter II Turbo,36.32
Super Shot Soccer,18.34
SuperCross,6.78
SuperCross 2000,2.61
SuperCross Circuit,8.26
Superbike 2000,5.44
Superstar Dance Club,4.62
Surf Riders,3.87
Swagman,22.01
Sydney 2000,1.75
Syndicate Wars,28.10
Syphon Filter,10.18
Syphon Filter 2,7.40
Syphon Filter 2 [Greatest Hits],7.26
Syphon Filter 3,16.98
Syphon Filter 3 [911 Edition],386.00
Syphon Filter 3 [Greatest Hits],6.17
Syphon Filter [Greatest Hits],3.64
T.R.A.G.: Tactical Rescue Assault Group: Mission of Mercy,42.07
TNN Motorsports Hardcore 4x4,6.03
TNN Motorsports Hardcore 4x4 [Greatest Hits],5.00
TNN Motorsports Hardcore TR,10.11
Tactics Ogre,104.07
Tai Fu: Wrath of the Tiger,19.32
Tail Concerto,305.76
Tail of the Sun,49.16
Tales of Destiny,175.84
Tales of Destiny II,241.20
Tall Infinity: The Tower of Wisdom,7.00
Tarzan,8.93
Tarzan [Greatest Hits],10.31
Team Buddies,131.32
Team Losi RC Racer,7.94
Tecmo Stackers,9.83
Tecmo Super Bowl,26.71
Tecmo World Golf,22.32
Tecmo World Golf [Longbox],38.57
Tecmo's Deception: Invitation to Darkness,42.54
Tekken,74.78
Tekken 2,8.47
Tekken 2 [Greatest Hits],11.38
Tekken 3,16.44
Tekken 3 [Greatest Hits],10.48
Tekken [Greatest Hits],16.48
Tekken [Longbox],40.54
Tempest X3,15.05
Ten Pin Alley,1.86
Ten Pin Alley [Greatest Hits],7.33
Tenchu 2: Birth of the Stealth Assassins,23.16
Tenchu 2: Birth of the Stealth Assassins [Greatest Hits],27.07
Tenchu: Stealth Assassins,13.16
Tenchu: Stealth Assassins [Greatest Hits],14.89
Tennis,4.17
Tennis Arena,8.60
Test Drive 4,3.15
Test Drive 4 [Greatest Hits],2.58
Test Drive 5,7.41
Test Drive 5 [Greatest Hits],3.12
Test Drive 6,8.07
Test Drive Le Mans,4.21
Test Drive Off-Road,2.86
Test Drive Off-Road 2,4.78
Test Drive Off-Road 3,10.30
Test Drive Off-Road [Greatest Hits],8.89
Tetris Plus,12.33
Tetris Plus [Greatest Hits],3.01
Theme Hospital,17.05
Theme Park,9.39
Theme Park [Longbox],33.24
Thousand Arms,105.92
Thrasher: Skate & Destroy,21.33
Threads of Fate,42.23
Three Stooges,21.74
Thunder Force V: Perfect System,92.04
Thunder Truck Rally,7.83
Thunderstrike 2,7.50
Thunderstrike 2 [Longbox],13.03
Tiger Woods PGA Tour 2000,4.07
Tiger Woods PGA Tour Golf,6.08
Tiger Woods PGA Tour Golf 99,5.12
Tigershark,8.00
Tigger's Honey Hunt,8.21
Time Commando,9.64
Time Crisis,17.18
Time Crisis [Guncon Bundle],43.99
Time Crisis: Project Titan,43.76
Time Crisis: Project Titan [Gun Bundle],78.19
Tiny Tank,13.76
Tiny Toon Adventures: Plucky's Big Adventure,5.79
Tiny Toon Adventures: The Great Beanstalk,5.86
Tiny Toon Adventures: Toonenstein: Dare to Scare,9.85
Tobal No.1,26.03
Toca Championship Racing,9.49
Toca: Touring Car Challenge 2,10.83
Tokyo Highway Battle,14.97
Tom & Jerry: House Trap,10.54
Tom Clancy's Rainbow Six,3.01
Tom Clancy's Rainbow Six [Greatest Hits],6.52
Tom Clancy's Rainbow Six: Lone Wolf,6.67
Tom Clancy's Rainbow Six: Rogue Spear,6.59
Tomb Raider,23.02
Tomb Raider Chronicles,20.25
Tomb Raider II,11.29
Tomb Raider II [Greatest Hits],1.77
Tomb Raider III: Adventures of Lara Croft,2.83
Tomb Raider III: Adventures of Lara Croft [Greatest Hits],6.48
Tomb Raider [Collectors' Edition],33.07
Tomb Raider [Greatest Hits],8.12
Tomb Raider: The Last Revelation,3.82
Tomb Raider: The Last Revelation [Greatest Hits],6.73
Tomba!,119.45
Tomba! 2: The Evil Swine Return,108.44
Tonka Space Station,5.67
Tony Hawk's Pro Skater,7.53
Tony Hawk's Pro Skater 2,10.15
Tony Hawk's Pro Skater 2 [Greatest Hits],19.27
Tony Hawk's Pro Skater 3,9.65
Tony Hawk's Pro Skater 3 [Greatest Hits],13.01
Tony Hawk's Pro Skater 4,10.26
Tony Hawk's Pro Skater 4 [Greatest Hits],10.31
Tony Hawk's Pro Skater [Greatest Hits],8.39
Top Gun: Fire at Will,6.94
Top Gun: Fire at Will [Longbox],15.54
Top Shop,16.77
Torneko: The Last Hope,80.46
Total Eclipse Turbo,9.51
Total Eclipse Turbo [Longbox],15.20
Toy Story 2: Buzz Lightyear to the Rescue,12.06
Toy Story 2: Buzz Lightyear to the Rescue [Collectors Edition],20.30
Toy Story 2: Buzz Lightyear to the Rescue [Greatest Hits],0.00
Toy Story Racer,36.66
Transformers: Beast Wars: Transmetals,18.33
Trap Gunner,40.12
Treasure Planet,10.33
Treasures of the Deep,18.22
Trick'n Snowboarder,19.93
Triple Play 2000,5.34
Triple Play 2001,3.00
Triple Play 2001 [Greatest Hits],9.82
Triple Play 97,2.60
Triple Play 97 [Longbox],17.26
Triple Play 98,2.29
Triple Play 98 [Greatest Hits],8.21
Triple Play 99,4.00
Triple Play Baseball,7.10
True Pinball,16.86
Tunnel B1,9.99
Turbo Prop Racing,6.78
Turnabout,9.79
Twisted Metal,75.99
Twisted Metal 2,15.09
Twisted Metal 2 [Greatest Hits],29.19
Twisted Metal 4,12.89
Twisted Metal 4 [Greatest Hits],25.81
Twisted Metal III,14.56
Twisted Metal III [Greatest Hits],16.81
Twisted Metal [Greatest Hits],10.56
Twisted Metal [Longbox],51.47
Twisted Metal: Small Brawl,24.29
Tyco RC: Assault with a Battery,6.22
Ultimate 8 Ball,3.09
Ultimate Brain Games,11.23
Ultimate Fighting Championship,8.01
Um Jammer Lammy,33.68
Unholy War,22.43
Uprising X,8.04
Urban Chaos,13.72
V-Tennis,12.17
VIP,8.39
VMX Racing,5.34
VR Baseball 97,3.98
VR Baseball 99,2.50
VR Golf '97,3.81
VR Soccer 96,12.95
Vagrant Story,52.89
Vagrant Story [Greatest Hits],50.64
Valkyrie Profile,248.59
Vampire Hunter D,44.77
Vanark,167.99
Vandal Hearts,48.36
Vandal Hearts II,55.25
Vanguard Bandits,165.81
Vanishing Point,11.05
Vegas Games 2000,5.87
Viewpoint,46.28
Vigilante 8,9.89
Vigilante 8 [Greatest Hits],15.12
Vigilante 8: 2nd Offense,27.38
Vigilante 8: 2nd Offense [Greatest Hits],24.51
Virtual Kasparov,9.72
Virtual Pool,4.13
Virtual Pool 3,13.76
Viva Soccer,19.94
Vs.,37.06
WCW Backstage Assault,8.74
WCW Mayhem,3.77
WCW Nitro,4.01
WCW Nitro [Greatest Hits],9.33
WCW vs. The World,2.55
WCW vs. The World [Greatest Hits],8.57
WCW/NWO Thunder,8.43
WWF Attitude,4.00
WWF In Your House,18.47
WWF Smackdown!,14.71
WWF Smackdown! 2: Know Your Role,8.20
WWF Smackdown! 2: Know Your Role [Greatest Hits],12.65
WWF Smackdown! [Greatest Hits],9.73
WWF Warzone,11.72
WWF Warzone [Greatest Hits],6.89
WWF Wrestlemania: The Arcade Game [Greatest Hits],27.91
WWF Wrestlemania: The Arcade Game [Longbox],40.94
Walt Disney World Quest: Magical Racing Tour,20.05
Walt Disney World Quest: Magical Racing Tour [Collectors Edition],13.65
War Games: Defcon 1,9.16
War Gods,39.60
WarJetz,7.41
Warcraft II: The Dark Saga,25.98
Warhammer: Dark Omen,19.47
Warhammer: Shadow of the Horned Rat,12.33
Warhawk,12.62
Warhawk [Greatest Hits],9.75
Warhawk [Longbox],17.70
Warpath: Jurassic Park,41.23
Warriors of Might and Magic,8.56
Warzone 2100,17.81
Wayne Gretzky's 3D Hockey 98,16.10
Weakest Link,7.82
Wheel of Fortune,3.04
Wheel of Fortune [Greatest Hits],4.49
Wheel of Fortune: 2nd Edition,8.24
Who Wants to be a Millionaire: 2nd Edition,2.83
Who Wants to be a Millionaire: 2nd Edition [Greatest Hits],6.18
Who Wants to be a Millionaire: 3rd Edition,7.50
Wild 9,15.20
Wild Arms,53.85
Wild Arms 2,35.45
Wild Thornberrys: Animal Adventures,9.91
Wing Commander III: Heart of the Tiger,20.17
Wing Commander III: Heart of the Tiger [Longbox],28.08
Wing Commander IV: The Price of Freedom,15.62
Winnie the Pooh: Kindergarten,3.22
Winnie the Pooh: Preschool,7.95
Wipeout,21.58
Wipeout 3,8.00
Wipeout XL,20.45
Wipeout [Greatest Hits],13.30
Wipeout [Longbox],24.14
Woody Woodpecker Racing,11.94
World Cup 98,12.20
World Cup Golf,4.21
World Cup Golf [Longbox],10.21
World Destruction League: Thunder Tanks,9.96
Worlds Scariest Police Chases,12.88
Worms,22.30
Worms Armageddon,24.25
Worms World Party,12.36
Wreckin Crew,9.70
Wu-Tang: Shaolin Style,41.23
X-Bladez: Inline Skater,3.50
X-Com: UFO Defense,72.85
X-Files,17.37
X-Men vs. Street Fighter,136.21
X-Men: Children of the Atom,123.01
X-Men: Mutant Academy,11.13
X-Men: Mutant Academy 2,20.08
X-Men: Mutant Academy [Greatest Hits],12.27
XS Airboat Racing,8.90
XS Junior League Dodgeball,7.35
XS Junior League Football,5.19
XS Junior League Soccer,9.53
XS Moto,2.73
Xena: Warrior Princess,17.86
Xenogears,80.89
Xenogears [Greatest Hits],63.56
Xevious 3D-G+,41.18
You Don't Know Jack,6.66
You Don't Know Jack: Mock 2,5.24
Yu-Gi-Oh! Forbidden Memories,16.58
Zero Divide,24.64
Zoboomafoo,3.71
Zoop,18.80
